순번,레벨,문제,선택지①,선택지②,선택지③,선택지④,정답번호,정답 문구,참고쪽수
1,LEVEL 1,제미나이(Gemini)를 개발한 회사는 어디인가요?,오픈AI,마이크로소프트,구글,메타,3,구글이 개발한 생성형 AI입니다. 챗GPT(오픈AI)와 헷갈리지 마세요!,21
2,LEVEL 1,제미나이의 요금제 3가지를 모두 고른 것은?,베이직/스탠다드/프리미엄,프리/프로/울트라,라이트/플러스/맥스,무료/유료/기업,2,프리(무료) · 프로(29000원/월) · 울트라(36만원/월) — 세 가지입니다.,34
3,LEVEL 1,제미나이 프로(Pro) 요금제의 월 구독료는? (책 기준),9900원,19000원,29000원,39000원,3,프로 요금제는 29000원/월이며 첫 1개월은 무료입니다.,34
4,LEVEL 1,제미나이의 대화 모드 3가지로 올바른 것은?,일반/심화/전문가 모드,텍스트/이미지/영상 모드,빠른/사고/프로 모드,기본/고급/울트라 모드,3,빠른 모드(일상 대화) · 사고 모드(복잡한 문제) · 프로 모드(코딩·수학 등 고난도).,35
5,LEVEL 1,존재하지 않는 내용을 AI가 그럴듯하게 생성하는 현상은?,딥페이크 현상,환각 현상,오류 현상,학습 오염,2,세종대왕 맥북프로 던짐 사건으로 유명해진 바로 그 현상입니다.,41
6,LEVEL 1,생성형 AI가 텍스트를 처리하는 기본 단위는?,바이트(Byte),청크(Chunk),토큰(Token),노드(Node),3,토큰 한도를 초과하면 대화 중 내용이 잘리거나 맥락을 잊어버립니다.,44
7,LEVEL 1,생성형 AI에게 지시할 때 입력하는 내용을 무엇이라 하나요?,커맨드,코드,쿼리,프롬프트,4,생성형 AI에게 전달하는 지시문을 프롬프트라고 합니다.,46
8,LEVEL 1,좋은 프롬프트 작성의 2가지 핵심 규칙은?,짧게/영어로,구체적으로+역할 부여,반복해서/친절하게,단계별/예시 없이,2,① 구체적으로 설명하기 ② 전문성·역할 부여하기 — 이 두 가지가 핵심입니다.,46
9,LEVEL 1,임시 채팅에서 나눈 대화는 몇 시간 후 자동 삭제되나요?,24시간,48시간,72시간,일주일,3,임시 채팅은 72시간 후 삭제되며 모델 학습에도 사용되지 않습니다.,54
10,LEVEL 1,AI 생성 결과물의 저작권 기준에 대해 책에서 설명한 내용은?,구글이 모든 책임을 진다,아직 명확한 기준이 없어 사용자가 신중하게 이용해야 한다,저작권이 없으므로 자유롭게 써도 된다,유료 구독자는 상업적 이용이 허용된다,2,아직 법적 기준이 불명확합니다. 사용자 스스로 보수적으로 이용하는 태도가 필요합니다.,50
11,LEVEL 2,결과물을 문서·인포그래픽·퀴즈·앱으로 구현하고 편집할 수 있는 작업 공간은?,딥 리서치,캔버스,동적 뷰,젬,2,캔버스는 제미나이의 도화지! 결과물을 그 자리에서 수정하고 구현할 수 있습니다.,61
12,LEVEL 2,딥 리서치(Deep Research)에 대한 올바른 설명은?,이미지만 심층 분석하는 기능,자료 조사부터 보고서 작성까지 한 번에 처리하는 기능,구글 드라이브 파일만 검색하는 기능,유료 전용으로 일반 모드보다 느리게 작동,2,딥 리서치 = 조사 + 보고서 작성을 한 방에! 자료 조사 시간을 획기적으로 줄여줍니다.,71
13,LEVEL 2,자주 쓰는 프롬프트를 저장해두고 클릭 한 번으로 불러 쓰는 맞춤형 챗봇은?,에이전트,봇,젬(Gem),플러그인,3,젬(Gem)은 반복 업무의 구세주! 한 번 만들어두면 클릭 한 번으로 실행됩니다.,76
14,LEVEL 2,젬(Gem)을 팀원에게 공유하는 방법은?,파일로 내보내어 이메일로 보낸다,젬의 링크를 공유한다,구글 드라이브에 저장 후 공유한다,젬은 공유할 수 없다,2,링크만 보내면 끝! 팀 전체가 같은 젬을 사용할 수 있습니다.,80
15,LEVEL 2,구글 서비스를 연동하려면 입력 창에 어떤 기호를 먼저 입력해야 하나요?,#,/,@,!,3,@을 입력하면 연동 가능한 구글 앱 목록이 바로 나타납니다.,83
16,LEVEL 2,[대답 재확인] 사용 시 구글에서 확인되지 않는 내용은 어떤 색으로 표시되나요?,빨간색,파란색,주황색,노란색,3,초록색 = 구글에서 확인됨 / 주황색 = 확인 불가. 주황색이 뜨면 직접 검토하세요!,44
17,LEVEL 2,유튜브 링크만 입력해도 제미나이가 내용을 요약해 줄 수 있는 이유는?,제미나이가 모든 영상을 미리 학습해서,유튜브와 제미나이가 모두 구글 서비스라 연동되기 때문,크롬 브라우저 확장 기능 덕분에,유튜브 프리미엄 구독 시 자동 연동되어서,2,같은 구글 가족이라 가능한 일! 링크 하나로 요약·타임라인 추출까지 됩니다.,25
18,LEVEL 2,입력 창의 [동적 뷰] 기능에 대한 올바른 설명은?,PDF를 업로드하는 기능,프롬프트에 맞게 UI를 실시간으로 디자인하고 코딩하는 기능,캘린더와 연동해 일정을 자동 입력하는 기능,대화 내용을 음성으로 변환하는 기능,2,예를 들어 한국 주요 관광지 소개해줘 하면 웹페이지처럼 만들어서 보여줍니다.,57
19,LEVEL 2,구글 앱스 스크립트(Apps Script)로 자동 생성할 수 있는 것은?,유튜브 채널,구글 계정,구글 설문지,구글 드라이브 폴더,3,코딩 몰라도 OK! 제미나이가 코드를 짜주고 설문지를 자동으로 만들어줍니다.,113
20,LEVEL 2,책에서 제시한 프롬프트 5단계 작성 순서로 올바른 것은?,결과 형식→역할→작업→맥락→추가,역할→작업→맥락→결과 형식→추가,작업→역할→추가→결과 형식→맥락,맥락→작업→역할→추가→결과 형식,2,역할→작업→맥락→형식→추가. 이 순서대로 쓰면 결과물 퀄리티가 확 달라집니다.,47
21,LEVEL 3,노트북LM(NotebookLM)의 핵심 특징으로 올바른 것은?,인터넷 전체를 검색해 정보를 제공한다,사용자가 직접 업로드한 자료를 기반으로만 콘텐츠를 생성한다,구글 계정 없이도 사용할 수 있다,오직 텍스트 요약만 가능하다,2,핵심은 내가 올린 자료 안에서만 답한다는 것! 인터넷 전체를 뒤지지 않습니다.,229
22,LEVEL 3,노트북LM에서 생성할 수 없는 정보 유형은?,오디오 요약,마인드맵,플래시카드,실시간 화상회의,4,오디오·마인드맵·플래시카드·퀴즈·슬라이드·인포그래픽은 되지만 화상회의는 불가합니다.,239
23,LEVEL 3,완성된 노트북LM 노트북을 팀원에게 공유하는 방법은?,USB에 저장해서 전달,파일로 내보내어 이메일 첨부,링크를 생성해서 공유,노트북LM은 공유 기능을 지원하지 않는다,3,링크 하나로 공유 끝! 팀원이나 학생에게 학습 자료 배포할 때 매우 유용합니다.,234
24,LEVEL 3,구글 AI 스튜디오(Google AI Studio)에 대한 올바른 설명은?,유튜브 영상 편집 도구,다양한 제미나이 모델을 무료로 체험하고 앱을 만들 수 있는 AI 실험실,구글 드라이브 파일을 자동으로 분류하는 서비스,유료 구독자만 접근 가능,2,구글 AI 스튜디오 = AI 실험실. 최신 모델 체험부터 앱 제작까지 무료로 가능합니다.,242
25,LEVEL 3,구글 AI 스튜디오에서 개발 지식 없이 채팅만으로 앱을 만들 수 있는 메뉴는?,Playground,Dashboard,Build,Documentation,3,Build 메뉴에서는 코딩 없이 채팅만으로 앱을 만들 수 있습니다.,253
26,LEVEL 3,구글 AI 스튜디오에서 고품질 이미지를 무료로 생성하는 도구 이름은?,위스크(Whisk),플로(Flow),이미지FX,나노 바나나,4,나노 바나나! 이름이 특이하죠? 구글 AI 스튜디오에서 무료로 쓸 수 있는 이미지 생성 도구입니다.,258
27,LEVEL 3,구글 AI 스튜디오에서 텍스트 대본으로 다화자 음성 파일을 무료로 만들 수 있다.,O,X,,,1,맞습니다! 유료 구독 없이도 텍스트 대본으로 다화자 음성을 생성할 수 있습니다.,249
28,LEVEL 3,구글 랩스에서 실제 촬영한 듯한 수준의 영상을 만들어 주는 서비스는?,이미지FX,위스크(Whisk),플로(Flow),스티치(Stitch),3,플로(Flow)는 구글 랩스의 영상 생성 서비스입니다.,26
29,LEVEL 3,구글 랩스에서 텍스트+이미지를 입력하면 UI 디자인을 자동으로 만들어 주는 서비스는?,위스크(Whisk),이미지FX,플로(Flow),스티치(Stitch),4,스티치(Stitch)! 디자인 툴 없이도 UI를 뚝딱 만들어주는 구글 랩스의 숨은 기능입니다.,26
30,LEVEL 3,제미나이 활용 시 가장 올바른 태도는?,프롬프트가 짧을수록 좋은 결과가 나온다,결과물이 항상 정확하므로 바로 사용해도 된다,정확도가 중요한 업무일수록 결과물을 직접 검토하고 판단한 뒤 활용해야 한다,구글 계정 없이도 대화 기록이 자동 저장된다,3,AI를 믿되 맹신은 금물. 특히 중요한 업무일수록 꼭 검토하세요.,50
